{
    "id": "calendar",
    "name": "Calendar",
    "description": "Calendar for spaces or user profiles.",
    "keywords": ["calendar"],
    "version": "1.5.0",
    "humhub": {
        "minVersion": "1.14"
    },
    "homepage": "https://github.com/humhub/calendar",
    "authors": [
        {
            "name": "Andreas Strobel"
        },
        {
            "name": "Lucas Bartholemy"
        },
        {
            "name": "Julian Harrer"
        }
    ],    
    "screenshots": ["resources/screen1.jpg", "resources/screen2.jpg", "resources/screen3.jpg"]
}
